"PassengerId","Survived","Pclass","Name","Sex","Age","SibSp","Parch","Ticket","Fare","Cabin","Embarked","entity_id"
2,1,1,"Cumings, Mrs. John Bradley (Florence Briggs Thayer)","female",38.0,1,0,"PC 17599",71.2833,"C85","C","id-0"
4,1,1,"Futrelle, Mrs. Jacques Heath (Lily May Peel)","female",35.0,1,0,"113803",53.1,"C123","S","id-1"
7,0,1,"McCarthy, Mr. Timothy J","male",54.0,0,0,"17463",51.8625,"E46","S","id-2"
11,1,3,"Sandstrom, Miss. Marguerite Rut","female",4.0,1,1,"PP 9549",16.7,"G6","S","id-3"
12,1,1,"Bonnell, Miss. Elizabeth","female",58.0,0,0,"113783",26.55,"C103","S","id-4"
22,1,2,"Beesley, Mr. Lawrence","male",34.0,0,0,"248698",13.0,"D56","S","id-5"
24,1,1,"Sloper, Mr. William Thompson","male",28.0,0,0,"113788",35.5,"A6","S","id-6"
28,0,1,"Fortune, Mr. Charles Alexander","male",19.0,3,2,"19950",263.0,"C23 C25 C27","S","id-7"
53,1,1,"Harper, Mrs. Henry Sleeper (Myna Haxtun)","female",49.0,1,0,"PC 17572",76.7292,"D33","C","id-8"
55,0,1,"Ostby, Mr. Engelhart Cornelius","male",65.0,0,1,"113509",61.9792,"B30","C","id-9"
63,0,1,"Harris, Mr. Henry Birkhardt","male",45.0,1,0,"36973",83.475,"C83","S","id-10"
67,1,2,"Nye, Mrs. (Elizabeth Ramell)","female",29.0,0,0,"C.A. 29395",10.5,"F33","S","id-11"
76,0,3,"Moen, Mr. Sigurd Hansen","male",25.0,0,0,"348123",7.65,"F G73","S","id-12"
89,1,1,"Fortune, Miss. Mabel Helen","female",23.0,3,2,"19950",263.0,"C23 C25 C27","S","id-13"
93,0,1,"Chaffee, Mr. Herbert Fuller","male",46.0,1,0,"W.E.P. 5734",61.175,"E31","S","id-14"
97,0,1,"Goldschmidt, Mr. George B","male",71.0,0,0,"PC 17754",34.6542,"A5","C","id-15"
98,1,1,"Greenfield, Mr. William Bertram","male",23.0,0,1,"PC 17759",63.3583,"D10 D12","C","id-16"
103,0,1,"White, Mr. Richard Frasar","male",21.0,0,1,"35281",77.2875,"D26","S","id-17"
111,0,1,"Porter, Mr. Walter Chamberlain","male",47.0,0,0,"110465",52.0,"C110","S","id-18"
119,0,1,"Baxter, Mr. Quigg Edmond","male",24.0,0,1,"PC 17558",247.5208,"B58 B60","C","id-19"
124,1,2,"Webber, Miss. Susan","female",32.5,0,0,"27267",13.0,"E101","S","id-20"
125,0,1,"White, Mr. Percival Wayland","male",54.0,0,1,"35281",77.2875,"D26","S","id-21"
137,1,1,"Newsom, Miss. Helen Monypeny","female",19.0,0,2,"11752",26.2833,"D47","S","id-22"
138,0,1,"Futrelle, Mr. Jacques Heath","male",37.0,1,0,"113803",53.1,"C123","S","id-23"
140,0,1,"Giglio, Mr. Victor","male",24.0,0,0,"PC 17593",79.2,"B86","C","id-24"
149,0,2,"Navratil, Mr. Michel (""Louis M Hoffman"")","male",36.5,0,2,"230080",26.0,"F2","S","id-25"
152,1,1,"Pears, Mrs. Thomas (Edith Wearne)","female",22.0,1,0,"113776",66.6,"C2","S","id-26"
171,0,1,"Van der hoef, Mr. Wyckoff","male",61.0,0,0,"111240",33.5,"B19","S","id-27"
175,0,1,"Smith, Mr. James Clinch","male",56.0,0,0,"17764",30.6958,"A7","C","id-28"
178,0,1,"Isham, Miss. Ann Elizabeth","female",50.0,0,0,"PC 17595",28.7125,"C49","C","id-29"
184,1,2,"Becker, Master. Richard F","male",1.0,2,1,"230136",39.0,"F4","S","id-30"
194,1,2,"Navratil, Master. Michel M","male",3.0,1,1,"230080",26.0,"F2","S","id-31"
195,1,1,"Brown, Mrs. James Joseph (Margaret Tobin)","female",44.0,0,0,"PC 17610",27.7208,"B4","C","id-32"
196,1,1,"Lurette, Miss. Elise","female",58.0,0,0,"PC 17569",146.5208,"B80","C","id-33"
206,0,3,"Strom, Miss. Telma Matilda","female",2.0,0,1,"347054",10.4625,"G6","S","id-34"
210,1,1,"Blank, Mr. Henry","male",40.0,0,0,"112277",31.0,"A31","C","id-35"
216,1,1,"Newell, Miss. Madeleine","female",31.0,1,0,"35273",113.275,"D36","C","id-36"
219,1,1,"Bazzani, Miss. Albina","female",32.0,0,0,"11813",76.2917,"D15","C","id-37"
225,1,1,"Hoyt, Mr. Frederick Maxfield","male",38.0,1,0,"19943",90.0,"C93","S","id-38"
231,1,1,"Harris, Mrs. Henry Birkhardt (Irene Wallach)","female",35.0,1,0,"36973",83.475,"C83","S","id-39"
246,0,1,"Minahan, Dr. William Edward","male",44.0,2,0,"19928",90.0,"C78","Q","id-40"
249,1,1,"Beckwith, Mr. Richard Leonard","male",37.0,1,1,"11751",52.5542,"D35","S","id-41"
252,0,3,"Strom, Mrs. Wilhelm (Elna Matilda Persson)","female",29.0,1,1,"347054",10.4625,"G6","S","id-42"
253,0,1,"Stead, Mr. William Thomas","male",62.0,0,0,"113514",26.55,"C87","S","id-43"
258,1,1,"Cherry, Miss. Gladys","female",30.0,0,0,"110152",86.5,"B77","S","id-44"
263,0,1,"Taussig, Mr. Emil","male",52.0,1,1,"110413",79.65,"E67","S","id-45"
264,0,1,"Harrison, Mr. William","male",40.0,0,0,"112059",0.0,"B94","S","id-46"
269,1,1,"Graham, Mrs. William Thompson (Edith Junkins)","female",58.0,0,1,"PC 17582",153.4625,"C125","S","id-47"
270,1,1,"Bissette, Miss. Amelia","female",35.0,0,0,"PC 17760",135.6333,"C99","S","id-48"
274,0,1,"Natsch, Mr. Charles H","male",37.0,0,1,"PC 17596",29.7,"C118","C","id-49"
276,1,1,"Andrews, Miss. Kornelia Theodosia","female",63.0,1,0,"13502",77.9583,"D7","S","id-50"
292,1,1,"Bishop, Mrs. Dickinson H (Helen Walton)","female",19.0,1,0,"11967",91.0792,"B49","C","id-51"
293,0,2,"Levy, Mr. Rene Jacques","male",36.0,0,0,"SC/Paris 2163",12.875,"D","C","id-52"
298,0,1,"Allison, Miss. Helen Loraine","female",2.0,1,2,"113781",151.55,"C22 C26","S","id-53"
300,1,1,"Baxter, Mrs. James (Helene DeLaudeniere Chaput)","female",50.0,0,1,"PC 17558",247.5208,"B58 B60","C","id-54"
306,1,1,"Allison, Master. Hudson Trevor","male",0.92,1,2,"113781",151.55,"C22 C26","S","id-55"
308,1,1,"Penasco y Castellana, Mrs. Victor de Satode (Maria Josefa Perez de Soto y Vallejo)","female",17.0,1,0,"PC 17758",108.9,"C65","C","id-56"
310,1,1,"Francatelli, Miss. Laura Mabel","female",30.0,0,0,"PC 17485",56.9292,"E36","C","id-57"
311,1,1,"Hays, Miss. Margaret Bechstein","female",24.0,0,0,"11767",83.1583,"C54","C","id-58"
312,1,1,"Ryerson, Miss. Emily Borie","female",18.0,2,2,"PC 17608",262.375,"B57 B59 B63 B66","C","id-59"
319,1,1,"Wick, Miss. Mary Natalie","female",31.0,0,2,"36928",164.8667,"C7","S","id-60"
320,1,1,"Spedden, Mrs. Frederic Oakley (Margaretta Corning Stone)","female",40.0,1,1,"16966",134.5,"E34","C","id-61"
326,1,1,"Young, Miss. Marie Grice","female",36.0,0,0,"PC 17760",135.6333,"C32","C","id-62"
328,1,2,"Ball, Mrs. (Ada E Hall)","female",36.0,0,0,"28551",13.0,"D","S","id-63"
330,1,1,"Hippach, Miss. Jean Gertrude","female",16.0,0,1,"111361",57.9792,"B18","C","id-64"
332,0,1,"Partner, Mr. Austen","male",45.5,0,0,"113043",28.5,"C124","S","id-65"
333,0,1,"Graham, Mr. George Edward","male",38.0,0,1,"PC 17582",153.4625,"C91","S","id-66"
337,0,1,"Pears, Mr. Thomas Clinton","male",29.0,1,0,"113776",66.6,"C2","S","id-67"
338,1,1,"Burns, Miss. Elizabeth Margaret","female",41.0,0,0,"16966",134.5,"E40","C","id-68"
340,0,1,"Blackwell, Mr. Stephen Weart","male",45.0,0,0,"113784",35.5,"T","S","id-69"
341,1,2,"Navratil, Master. Edmond Roger","male",2.0,1,1,"230080",26.0,"F2","S","id-70"
342,1,1,"Fortune, Miss. Alice Elizabeth","female",24.0,3,2,"19950",263.0,"C23 C25 C27","S","id-71"
346,1,2,"Brown, Miss. Amelia ""Mildred""","female",24.0,0,0,"248733",13.0,"F33","S","id-72"
357,1,1,"Bowerman, Miss. Elsie Edith","female",22.0,0,1,"113505",55.0,"E33","S","id-73"
367,1,1,"Warren, Mrs. Frank Manley (Anna Sophia Atkinson)","female",60.0,1,0,"110813",75.25,"D37","C","id-74"
370,1,1,"Aubart, Mme. Leontine Pauline","female",24.0,0,0,"PC 17477",69.3,"B35","C","id-75"
371,1,1,"Harder, Mr. George Achilles","male",25.0,1,0,"11765",55.4417,"E50","C","id-76"
378,0,1,"Widener, Mr. Harry Elkins","male",27.0,0,2,"113503",211.5,"C82","C","id-77"
391,1,1,"Carter, Mr. William Ernest","male",36.0,1,2,"113760",120.0,"B96 B98","S","id-78"
394,1,1,"Newell, Miss. Marjorie","female",23.0,1,0,"35273",113.275,"D36","C","id-79"
395,1,3,"Sandstrom, Mrs. Hjalmar (Agnes Charlotta Bengtsson)","female",24.0,0,2,"PP 9549",16.7,"G6","S","id-80"
413,1,1,"Minahan, Miss. Daisy E","female",33.0,1,0,"19928",90.0,"C78","Q","id-81"
430,1,3,"Pickard, Mr. Berk (Berk Trembisky)","male",32.0,0,0,"SOTON/O.Q. 392078",8.05,"E10","S","id-82"
431,1,1,"Bjornstrom-Steffansson, Mr. Mauritz Hakan","male",28.0,0,0,"110564",26.55,"C52","S","id-83"
435,0,1,"Silvey, Mr. William Baird","male",50.0,1,0,"13507",55.9,"E44","S","id-84"
436,1,1,"Carter, Miss. Lucile Polk","female",14.0,1,2,"113760",120.0,"B96 B98","S","id-85"
439,0,1,"Fortune, Mr. Mark","male",64.0,1,4,"19950",263.0,"C23 C25 C27","S","id-86"
446,1,1,"Dodge, Master. Washington","male",4.0,0,2,"33638",81.8583,"A34","S","id-87"
450,1,1,"Peuchen, Major. Arthur Godfrey","male",52.0,0,0,"113786",30.5,"C104","S","id-88"
453,0,1,"Foreman, Mr. Benjamin Laventall","male",30.0,0,0,"113051",27.75,"C111","C","id-89"
454,1,1,"Goldenberg, Mr. Samuel L","male",49.0,1,0,"17453",89.1042,"C92","C","id-90"
457,0,1,"Millet, Mr. Francis Davis","male",65.0,0,0,"13509",26.55,"E38","S","id-91"
461,1,1,"Anderson, Mr. Harry","male",48.0,0,0,"19952",26.55,"E12","S","id-92"
463,0,1,"Gee, Mr. Arthur H","male",47.0,0,0,"111320",38.5,"E63","S","id-93"
474,1,2,"Jerwan, Mrs. Amin S (Marie Marthe Thuillard)","female",23.0,0,0,"SC/AH Basle 541",13.7917,"D","C","id-94"
485,1,1,"Bishop, Mr. Dickinson H","male",25.0,1,0,"11967",91.0792,"B49","C","id-95"
487,1,1,"Hoyt, Mrs. Frederick Maxfield (Jane Anne Forby)","female",35.0,1,0,"19943",90.0,"C93","S","id-96"
488,0,1,"Kent, Mr. Edward Austin","male",58.0,0,0,"11771",29.7,"B37","C","id-97"
493,0,1,"Molson, Mr. Harry Markland","male",55.0,0,0,"113787",30.5,"C30","S","id-98"
497,1,1,"Eustis, Miss. Elizabeth Mussey","female",54.0,1,0,"36947",78.2667,"D20","C","id-99"
499,0,1,"Allison, Mrs. Hudson J C (Bessie Waldo Daniels)","female",25.0,1,2,"113781",151.55,"C22 C26","S","id-100"
505,1,1,"Maioni, Miss. Roberta","female",16.0,0,0,"110152",86.5,"B79","S","id-101"
506,0,1,"Penasco y Castellana, Mr. Victor de Satode","male",18.0,1,0,"PC 17758",108.9,"C65","C","id-102"
513,1,1,"McGough, Mr. James Robert","male",36.0,0,0,"PC 17473",26.2875,"E25","S","id-103"
516,0,1,"Walker, Mr. William Anderson","male",47.0,0,0,"36967",34.0208,"D46","S","id-104"
517,1,2,"Lemore, Mrs. (Amelia Milley)","female",34.0,0,0,"C.A. 34260",10.5,"F33","S","id-105"
521,1,1,"Perreault, Miss. Anne","female",30.0,0,0,"12749",93.5,"B73","S","id-106"
524,1,1,"Hippach, Mrs. Louis Albert (Ida Sophia Fischer)","female",44.0,0,1,"111361",57.9792,"B18","C","id-107"
537,0,1,"Butt, Major. Archibald Willingham","male",45.0,0,0,"113050",26.55,"B38","S","id-108"
540,1,1,"Frolicher, Miss. Hedwig Margaritha","female",22.0,0,2,"13568",49.5,"B39","C","id-109"
541,1,1,"Crosby, Miss. Harriet R","female",36.0,0,2,"WE/P 5735",71.0,"B22","S","id-110"
545,0,1,"Douglas, Mr. Walter Donald","male",50.0,1,0,"PC 17761",106.425,"C86","C","id-111"
551,1,1,"Thayer, Mr. John Borland Jr","male",17.0,0,2,"17421",110.8833,"C70","C","id-112"
557,1,1,"Duff Gordon, Lady. (Lucille Christiana Sutherland) (""Mrs Morgan"")","female",48.0,1,0,"11755",39.6,"A16","C","id-113"
559,1,1,"Taussig, Mrs. Emil (Tillie Mandelbaum)","female",39.0,1,1,"110413",79.65,"E67","S","id-114"
572,1,1,"Appleton, Mrs. Edward Dale (Charlotte Lamson)","female",53.0,2,0,"11769",51.4792,"C101","S","id-115"
573,1,1,"Flynn, Mr. John Irwin (""Irving"")","male",36.0,0,0,"PC 17474",26.3875,"E25","S","id-116"
578,1,1,"Silvey, Mrs. William Baird (Alice Munger)","female",39.0,1,0,"13507",55.9,"E44","S","id-117"
582,1,1,"Thayer, Mrs. John Borland (Marian Longstreth Morris)","female",39.0,1,1,"17421",110.8833,"C68","C","id-118"
584,0,1,"Ross, Mr. John Hugo","male",36.0,0,0,"13049",40.125,"A10","C","id-119"
586,1,1,"Taussig, Miss. Ruth","female",18.0,0,2,"110413",79.65,"E68","S","id-120"
588,1,1,"Frolicher-Stehli, Mr. Maxmillian","male",60.0,1,1,"13567",79.2,"B41","C","id-121"
592,1,1,"Stephenson, Mrs. Walter Bertram (Martha Eustis)","female",52.0,1,0,"36947",78.2667,"D20","C","id-122"
600,1,1,"Duff Gordon, Sir. Cosmo Edmund (""Mr Morgan"")","male",49.0,1,0,"PC 17485",56.9292,"A20","C","id-123"
610,1,1,"Shutes, Miss. Elizabeth W","female",40.0,0,0,"PC 17582",153.4625,"C125","S","id-124"
619,1,2,"Becker, Miss. Marion Louise","female",4.0,2,1,"230136",39.0,"F4","S","id-125"
622,1,1,"Kimball, Mr. Edwin Nelson Jr","male",42.0,1,0,"11753",52.5542,"D19","S","id-126"
626,0,1,"Sutton, Mr. Frederick","male",61.0,0,0,"36963",32.3208,"D50","S","id-127"
628,1,1,"Longley, Miss. Gretchen Fiske","female",21.0,0,0,"13502",77.9583,"D9","S","id-128"
631,1,1,"Barkworth, Mr. Algernon Henry Wilson","male",80.0,0,0,"27042",30.0,"A23","S","id-129"
633,1,1,"Stahelin-Maeglin, Dr. Max","male",32.0,0,0,"13214",30.5,"B50","C","id-130"
642,1,1,"Sagesser, Mlle. Emma","female",24.0,0,0,"PC 17477",69.3,"B35","C","id-131"
646,1,1,"Harper, Mr. Henry Sleeper","male",48.0,1,0,"PC 17572",76.7292,"D33","C","id-132"
648,1,1,"Simonius-Blumer, Col. Oberst Alfons","male",56.0,0,0,"13213",35.5,"A26","C","id-133"
660,0,1,"Newell, Mr. Arthur Webster","male",58.0,0,2,"35273",113.275,"D48","C","id-134"
663,0,1,"Colley, Mr. Edward Pomeroy","male",47.0,0,0,"5727",25.5875,"E58","S","id-135"
672,0,1,"Davidson, Mr. Thornton","male",31.0,1,0,"F.C. 12750",52.0,"B71","S","id-136"
680,1,1,"Cardeza, Mr. Thomas Drake Martinez","male",36.0,0,1,"PC 17755",512.3292,"B51 B53 B55","C","id-137"
682,1,1,"Hassab, Mr. Hammad","male",27.0,0,0,"PC 17572",76.7292,"D49","C","id-138"
690,1,1,"Madill, Miss. Georgette Alexandra","female",15.0,0,1,"24160",211.3375,"B5","S","id-139"
691,1,1,"Dick, Mr. Albert Adrian","male",31.0,1,0,"17474",57.0,"B20","S","id-140"
699,0,1,"Thayer, Mr. John Borland","male",49.0,1,1,"17421",110.8833,"C68","C","id-141"
700,0,3,"Humblen, Mr. Adolf Mathias Nicolai Olsen","male",42.0,0,0,"348121",7.65,"F G63","S","id-142"
701,1,1,"Astor, Mrs. John Jacob (Madeleine Talmadge Force)","female",18.0,1,0,"PC 17757",227.525,"C62 C64","C","id-143"
702,1,1,"Silverthorne, Mr. Spencer Victor","male",35.0,0,0,"PC 17475",26.2875,"E24","S","id-144"
708,1,1,"Calderhead, Mr. Edward Pennington","male",42.0,0,0,"PC 17476",26.2875,"E24","S","id-145"
711,1,1,"Mayne, Mlle. Berthe Antonine (""Mrs de Villiers"")","female",24.0,0,0,"PC 17482",49.5042,"C90","C","id-146"
713,1,1,"Taylor, Mr. Elmer Zebley","male",48.0,1,0,"19996",52.0,"C126","S","id-147"
716,0,3,"Soholt, Mr. Peter Andreas Lauritz Andersen","male",19.0,0,0,"348124",7.65,"F G73","S","id-148"
717,1,1,"Endres, Miss. Caroline Louise","female",38.0,0,0,"PC 17757",227.525,"C45","C","id-149"
718,1,2,"Troutt, Miss. Edwina Celia ""Winnie""","female",27.0,0,0,"34218",10.5,"E101","S","id-150"
725,1,1,"Chambers, Mr. Norman Campbell","male",27.0,1,0,"113806",53.1,"E8","S","id-151"
731,1,1,"Allen, Miss. Elisabeth Walton","female",29.0,0,0,"24160",211.3375,"B5","S","id-152"
738,1,1,"Lesurer, Mr. Gustave J","male",35.0,0,0,"PC 17755",512.3292,"B101","C","id-153"
742,0,1,"Cavendish, Mr. Tyrell William","male",36.0,1,0,"19877",78.85,"C46","S","id-154"
743,1,1,"Ryerson, Miss. Susan Parker ""Suzette""","female",21.0,2,2,"PC 17608",262.375,"B57 B59 B63 B66","C","id-155"
746,0,1,"Crosby, Capt. Edward Gifford","male",70.0,1,1,"WE/P 5735",71.0,"B22","S","id-156"
749,0,1,"Marvin, Mr. Daniel Warner","male",19.0,1,0,"113773",53.1,"D30","S","id-157"
752,1,3,"Moor, Master. Meier","male",6.0,0,1,"392096",12.475,"E121","S","id-158"
760,1,1,"Rothes, the Countess. of (Lucy Noel Martha Dyer-Edwards)","female",33.0,0,0,"110152",86.5,"B77","S","id-159"
764,1,1,"Carter, Mrs. William Ernest (Lucile Polk)","female",36.0,1,2,"113760",120.0,"B96 B98","S","id-160"
766,1,1,"Hogeboom, Mrs. John C (Anna Andrews)","female",51.0,1,0,"13502",77.9583,"D11","S","id-161"
773,0,2,"Mack, Mrs. (Mary)","female",57.0,0,0,"S.O./P.P. 3",10.5,"E77","S","id-162"
780,1,1,"Robert, Mrs. Edward Scott (Elisabeth Walton McMillan)","female",43.0,0,1,"24160",211.3375,"B3","S","id-163"
782,1,1,"Dick, Mrs. Albert Adrian (Vera Gillespie)","female",17.0,1,0,"17474",57.0,"B20","S","id-164"
783,0,1,"Long, Mr. Milton Clyde","male",29.0,0,0,"113501",30.0,"D6","S","id-165"
790,0,1,"Guggenheim, Mr. Benjamin","male",46.0,0,0,"PC 17593",79.2,"B82 B84","C","id-166"
797,1,1,"Leader, Dr. Alice (Farnham)","female",49.0,0,0,"17465",25.9292,"D17","S","id-167"
803,1,1,"Carter, Master. William Thornton II","male",11.0,1,2,"113760",120.0,"B96 B98","S","id-168"
807,0,1,"Andrews, Mr. Thomas Jr","male",39.0,0,0,"112050",0.0,"A36","S","id-169"
810,1,1,"Chambers, Mrs. Norman Campbell (Bertha Griggs)","female",33.0,1,0,"113806",53.1,"E8","S","id-170"
821,1,1,"Hays, Mrs. Charles Melville (Clara Jennings Gregg)","female",52.0,1,1,"12749",93.5,"B69","S","id-171"
824,1,3,"Moor, Mrs. (Beila)","female",27.0,0,1,"392096",12.475,"E121","S","id-172"
836,1,1,"Compton, Miss. Sara Rebecca","female",39.0,1,1,"PC 17756",83.1583,"E49","C","id-173"
854,1,1,"Lines, Miss. Mary Conover","female",16.0,0,1,"PC 17592",39.4,"D28","S","id-174"
858,1,1,"Daly, Mr. Peter Denis ","male",51.0,0,0,"113055",26.55,"E17","S","id-175"
863,1,1,"Swift, Mrs. Frederick Joel (Margaret Welles Barron)","female",48.0,0,0,"17466",25.9292,"D17","S","id-176"
868,0,1,"Roebling, Mr. Washington Augustus II","male",31.0,0,0,"PC 17590",50.4958,"A24","S","id-177"
872,1,1,"Beckwith, Mrs. Richard Leonard (Sallie Monypeny)","female",47.0,1,1,"11751",52.5542,"D35","S","id-178"
873,0,1,"Carlsson, Mr. Frans Olof","male",33.0,0,0,"695",5.0,"B51 B53 B55","S","id-179"
880,1,1,"Potter, Mrs. Thomas Jr (Lily Alexenia Wilson)","female",56.0,0,1,"11767",83.1583,"C50","C","id-180"
888,1,1,"Graham, Miss. Margaret Edith","female",19.0,0,0,"112053",30.0,"B42","S","id-181"
890,1,1,"Behr, Mr. Karl Howell","male",26.0,0,0,"111369",30.0,"C148","C","id-182"
